2022-07-14 23:59:57+00:00,1547732665402396672,,Hamsar,b'@rulajebreal @ICC Delusional take from Medvedev and him assigning credit were none is due. Boris eventually fell af\xe2\x80\xa6 https://t.co/WCWfJZ2kR5'
2022-07-14 23:59:54+00:00,1547732653004038146,"Legian, Bali",sanik@linux:~$ ./üõ´ ‚Äîorigin=KUL ‚Äîdestination=DPS,b'RT @kylenabecker: Breaking News.\xf0\x9f\x9a\xa8\n\nEstonian prime minister Kaja Kallas has just resigned.\n\nThis follows upon the resignation announcements\xe2\x80\xa6'
2022-07-14 23:59:48+00:00,1547732626718437382,Mexicali,Gustavo Zhiang üá∑üá∫üá≤üáΩüá®üá≥,"b'@Osinttechnical for kill innocent people! STOP NEO NAZI EMPIRE OF WESTERN!! FALL OF ZELENKSY!!! Boris, Petkov, Rata\xe2\x80\xa6 https://t.co/CWbLVBBvB7'"
2022-07-14 23:59:47+00:00,1547732623073501184,,bexibettybooüá¨üáßüá∫üá¶,b'RT @politicalite: DIRTY DOUGIE: Boris Johnson \xe2\x80\x98THREATENED\xe2\x80\x99 into resigning by Tory close to Rishi Sunak \xc2\xa0 https://t.co/VytWRGNxFd via @polit\xe2\x80\xa6'
2022-07-14 23:59:45+00:00,1547732613309181953,"Upstate, NY",Jackie Downing,b'@AlaModliszewski @BorisEP @kimguilfoyle @EricGreitens @maureen_bannon @CortesSteve He IS. Sometimes he is a little\xe2\x80\xa6 https://t.co/20FKmbSMqz'
2022-07-14 23:59:41+00:00,1547732598910201859,"North Tyneside, England",Mark Heslegrave,b'Prevent Boris Johnson from having a Resignation Honours List - Sign the Petition! https://t.co/DdxNH67pHN via @UKChange'
2022-07-14 23:59:38+00:00,1547732586352369664,England,Blue Streak,"b""RT @andrewgpoole: At age 74, I've seen a lot of Prime Ministers, but none have matched Boris for the thrill of the ride! #NeverRishi"""
2022-07-14 23:59:37+00:00,1547732581440925698,Bordeaux,Boris Degas,b'\xf0\x9f\x9f\xa2 New one in the book \xf0\x9f\x92\x9a a beautiful FIR which will give me 6.5 SPR a day (20$) \xf0\x9f\x8c\xb3 @spring_gamefi  | #seednation \n\nWe\xe2\x80\xa6 https://t.co/QnljOyoUhD'
2022-07-14 23:59:34+00:00,1547732566739808256,"Lowestoft, England",Alanaüßû‚Äç‚ôÄÔ∏è,"b'RT @Memeulous: In light of recent events with Boris resigning, I would like to announce I am going to be running for prime minister. Here i\xe2\x80\xa6'"
2022-07-14 23:59:32+00:00,1547732558309253121,London,Lyn Misselbrook,"b""RT @KuntiePlopkins: Apparently Boris Johnson's press officer is threatening legal action for suggesting he visited the palazzo of an ex-KGB\xe2\x80\xa6"""
2022-07-14 23:59:57+00:00,1547732665402396672,,Hamsar,b'@rulajebreal @ICC Delusional take from Medvedev and him assigning credit were none is due. Boris eventually fell af\xe2\x80\xa6 https://t.co/WCWfJZ2kR5'
2022-07-14 23:59:54+00:00,1547732653004038146,"Legian, Bali",sanik@linux:~$ ./üõ´ ‚Äîorigin=KUL ‚Äîdestination=DPS,b'RT @kylenabecker: Breaking News.\xf0\x9f\x9a\xa8\n\nEstonian prime minister Kaja Kallas has just resigned.\n\nThis follows upon the resignation announcements\xe2\x80\xa6'
2022-07-14 23:59:48+00:00,1547732626718437382,Mexicali,Gustavo Zhiang üá∑üá∫üá≤üáΩüá®üá≥,"b'@Osinttechnical for kill innocent people! STOP NEO NAZI EMPIRE OF WESTERN!! FALL OF ZELENKSY!!! Boris, Petkov, Rata\xe2\x80\xa6 https://t.co/CWbLVBBvB7'"
2022-07-14 23:59:47+00:00,1547732623073501184,,bexibettybooüá¨üáßüá∫üá¶,b'RT @politicalite: DIRTY DOUGIE: Boris Johnson \xe2\x80\x98THREATENED\xe2\x80\x99 into resigning by Tory close to Rishi Sunak \xc2\xa0 https://t.co/VytWRGNxFd via @polit\xe2\x80\xa6'
2022-07-14 23:59:45+00:00,1547732613309181953,"Upstate, NY",Jackie Downing,b'@AlaModliszewski @BorisEP @kimguilfoyle @EricGreitens @maureen_bannon @CortesSteve He IS. Sometimes he is a little\xe2\x80\xa6 https://t.co/20FKmbSMqz'
2022-07-14 23:59:41+00:00,1547732598910201859,"North Tyneside, England",Mark Heslegrave,b'Prevent Boris Johnson from having a Resignation Honours List - Sign the Petition! https://t.co/DdxNH67pHN via @UKChange'
2022-07-14 23:59:38+00:00,1547732586352369664,England,Blue Streak,"b""RT @andrewgpoole: At age 74, I've seen a lot of Prime Ministers, but none have matched Boris for the thrill of the ride! #NeverRishi"""
2022-07-14 23:59:37+00:00,1547732581440925698,Bordeaux,Boris Degas,b'\xf0\x9f\x9f\xa2 New one in the book \xf0\x9f\x92\x9a a beautiful FIR which will give me 6.5 SPR a day (20$) \xf0\x9f\x8c\xb3 @spring_gamefi  | #seednation \n\nWe\xe2\x80\xa6 https://t.co/QnljOyoUhD'
2022-07-14 23:59:34+00:00,1547732566739808256,"Lowestoft, England",Alanaüßû‚Äç‚ôÄÔ∏è,"b'RT @Memeulous: In light of recent events with Boris resigning, I would like to announce I am going to be running for prime minister. Here i\xe2\x80\xa6'"
2022-07-14 23:59:32+00:00,1547732558309253121,London,Lyn Misselbrook,"b""RT @KuntiePlopkins: Apparently Boris Johnson's press officer is threatening legal action for suggesting he visited the palazzo of an ex-KGB\xe2\x80\xa6"""
2022-07-14 23:59:28+00:00,1547732544644255744,,Dame Marion Whyman üá∫üá¶üíô,"b""RT @KuntiePlopkins: Apparently Boris Johnson's press officer is threatening legal action for suggesting he visited the palazzo of an ex-KGB\xe2\x80\xa6"""
2022-07-14 23:59:26+00:00,1547732535815221249,,ü™¥Grow With Meü™¥,b'RT @kylenabecker: Breaking News.\xf0\x9f\x9a\xa8\n\nEstonian prime minister Kaja Kallas has just resigned.\n\nThis follows upon the resignation announcements\xe2\x80\xa6'
2022-07-14 23:59:26+00:00,1547732533671972867,Not where you are,Alias,"b'RT @BBCRosAtkins: In the middle of everything else going on last week, Boris Johnson told MPs he met Russian oligarch and ex-KGB officer Al\xe2\x80\xa6'"
2022-07-14 23:59:23+00:00,1547732520891912196,"Georgia and Florida, USA",Woya,b'RT @kylenabecker: Breaking News.\xf0\x9f\x9a\xa8\n\nEstonian prime minister Kaja Kallas has just resigned.\n\nThis follows upon the resignation announcements\xe2\x80\xa6'
2022-07-14 23:59:22+00:00,1547732516882092035,The great continent of Europe,PresumingAnd üá™üá∫üá∫üá¶#FBPE,b'RT @DanielaNadj: The fact that all Tory candidates are so awful is an indictment of how far to the right Boris Johnson has taken the party.\xe2\x80\xa6'
2022-07-14 23:59:18+00:00,1547732502596292610,"Gravesend, South East",Charlie McNeilly üè¥Û†ÅßÛ†Å¢Û†Å≥Û†Å£Û†Å¥Û†Åøüá™üá∫ üíôNHS,"b'RT @MichaelRosenYes: Dear Mogg\nGiven that in the coming months I may be a little short on employment opportunities, I need to explore new h\xe2\x80\xa6'"
2022-07-14 23:59:18+00:00,1547732502558609413,RT does not mean agree.,SAH,b'RT @danwootton: Conservative MPs should listen to their party and realise there is no desire for Boris backstabber and high tax/big state F\xe2\x80\xa6'
2022-07-14 23:59:15+00:00,1547732490378289159,"High Bentham, England",Susan stapleton,b'RT @GpMedialtd: #bbcqt As ever Fiona Bruce desperate to support the Tory. Boot her out along with Boris. #ToriesUnfitToGovern'
2022-07-14 23:59:15+00:00,1547732489216479232,"Dublin,Ireland",william reilly üá∫üá¶,b'RT @BBCRosAtkins: Last week Boris Johnson told MPs he met Russian oligarch and ex-KGB officer Alexander Lebedev without officials present.\xe2\x80\xa6'
2022-07-14 23:59:14+00:00,1547732482711117824,,Milagros Santiago,b'RT @kylenabecker: Breaking News.\xf0\x9f\x9a\xa8\n\nEstonian prime minister Kaja Kallas has just resigned.\n\nThis follows upon the resignation announcements\xe2\x80\xa6'
2022-07-14 23:59:13+00:00,1547732482421772288,,Noonie,b'RT @JamesMelville: \xf0\x9f\x87\xac\xf0\x9f\x87\xa7 UK: Boris Johnson resigns\n\xf0\x9f\x87\xae\xf0\x9f\x87\xb9 Italy: Mario Draghi\xc2\xa0offers resignation\n\xf0\x9f\x87\xb1\xf0\x9f\x87\xb0 Sri Lanka: President Gotabaya Rajapaksa agrees\xe2\x80\xa6'
2022-07-14 23:59:13+00:00,1547732479603142656,"London, England (She/Her)",Nebby x,"b'RT @Memeulous: In light of recent events with Boris resigning, I would like to announce I am going to be running for prime minister. Here i\xe2\x80\xa6'"
2022-07-14 23:59:09+00:00,1547732463606149120,"Fife, Scotland",shirley young,"b'RT @annakerr_: These Boris defenders send me insane honestly. The man is an elitist crook, how can you possibly support him? HE DOESN\xe2\x80\x99T CAR\xe2\x80\xa6'"
2022-07-14 23:59:08+00:00,1547732460988874753,The South,Levon River,b'RT @kylenabecker: Breaking News.\xf0\x9f\x9a\xa8\n\nEstonian prime minister Kaja Kallas has just resigned.\n\nThis follows upon the resignation announcements\xe2\x80\xa6'
2022-07-14 23:59:08+00:00,1547732460896538625,,Chris Cummings ‚ìã,"b'RT @PaulOnBooks: Given that Boris Johnson is happy to fly into the bosom of a KGB family without security or aides, perhaps we could save o\xe2\x80\xa6'"
2022-07-14 23:59:08+00:00,1547732458648453120,,SimonKrug,b'RT @kylenabecker: Breaking News.\xf0\x9f\x9a\xa8\n\nEstonian prime minister Kaja Kallas has just resigned.\n\nThis follows upon the resignation announcements\xe2\x80\xa6'
2022-07-14 23:59:08+00:00,1547732458388369408,United Kingdom,Wali Nazar #TeamPatientüíö #TeamNHS. #PatientVlog,b'RT @MarieAnnUK: Fun Fact: Penny Mordaunt is every bit as much a notorious liar as Boris Johnson was before he became prime minister. #Pinno\xe2\x80\xa6'
2022-07-14 23:59:05+00:00,1547732447210512384,Brisbane,Gavin Miller,b'RT @supertanskiii: This is what a former advisor to Boris Johnson is saying on Fox News.\n\nThis is truly insane.\n\n https://t.co/HD3LV5ykI7'
2022-07-14 23:59:05+00:00,1547732445037883394,England,Blue Streak,b'RT @Scrappincaz929: DIRTY DOUGIE: Boris Johnson \xe2\x80\x98THREATENED\xe2\x80\x99 into resigning by Tory close to Rishi Sunak \xc2\xa0 https://t.co/czPN7dgQhB via @pol\xe2\x80\xa6'
2022-07-14 23:59:03+00:00,1547732440566730752,,alfredo damtram üíôüêù,"b""RT @RobertCPalmer13: Exclusive: Health minister, Maria Caulfield, misled Parliament over ambulance crisis yesterday\n\nBoris Johnson's cultur\xe2\x80\xa6"""
2022-07-14 23:59:01+00:00,1547732429892624385,,Charmaine,b'RT @TobyGreenane: George Brandis thinking Boris Johnson was a brilliant man says all you need to know about both men.'
2022-07-14 23:59:00+00:00,1547732425349861376,Somewhere in NA,Anti Woke Not A Commie #pfizerpapers,"b""RT @HaveWeAllGoneM1: Draghi resigned as PM in Italy\nBoris resigned as PM in UK\nMacron's under pressure to resign in France\nRajapaksa PM in\xe2\x80\xa6"""
2022-07-14 23:58:57+00:00,1547732412829876225,"Fife, Scotland",shirley young,"b""RT @Nurseborisbash: I think Bideford man hasn't been paying attention. \n200,000 covid deaths is not getting covid done.\nAn agreement that B\xe2\x80\xa6"""
2022-07-14 23:58:55+00:00,1547732404135006217,,carolrussell,b'RT @kylenabecker: Breaking News.\xf0\x9f\x9a\xa8\n\nEstonian prime minister Kaja Kallas has just resigned.\n\nThis follows upon the resignation announcements\xe2\x80\xa6'
2022-07-14 23:58:54+00:00,1547732400909590528,,Deb,"b'RT @PaulBrandITV: EXCL: No10 admit - in their words - to a \xe2\x80\x9cnasty, misogynist culture\xe2\x80\x9d in Downing St during Boris Johnson\xe2\x80\x99s premiership.\n\nE\xe2\x80\xa6'"
2022-07-14 23:58:53+00:00,1547732396933492746,lone star,starspangled,b'RT @kylenabecker: Breaking News.\xf0\x9f\x9a\xa8\n\nEstonian prime minister Kaja Kallas has just resigned.\n\nThis follows upon the resignation announcements\xe2\x80\xa6'
2022-07-14 23:58:50+00:00,1547732382861516801,South Shields,Dave Miller #BringBackBoris #RishiLeaks,"b'RT @TomSyvret: It really does not matter how much they try to tread on Boris Johnson and denigrate him, he still comes back with a polite b\xe2\x80\xa6'"
2022-07-14 23:58:50+00:00,1547732382618292227,"Kirkcaldy, Scotland",Maureen Pickering,b'RT @Zero_4: Maybe it\xe2\x80\x99s not just the pay of teachers that\xe2\x80\x99s the problem Olivia; maybe it\xe2\x80\x99s hard-right Boris Johnson fanzines like the paper\xe2\x80\xa6'
2022-07-14 23:58:47+00:00,1547732372916883456,"working class,ex Londoner",Thank you Boris üá¨üáßüáÆüá±,"b'@ArchRose90 The only two PMs I was really excited to lead us,was Thatcher and Boris. \nThat number is now three.\nWha\xe2\x80\xa6 https://t.co/XrGDcsbdJN'"
2022-07-14 23:58:46+00:00,1547732368705744897,"London, England, UK.",Who Cares Wins!,"b'RT @BBCRosAtkins: In the middle of everything else going on last week, Boris Johnson told MPs he met Russian oligarch and ex-KGB officer Al\xe2\x80\xa6'"
2022-07-14 23:58:44+00:00,1547732359176286208,"Watford, Hertfordshire, ",Alex,b'RT @UKRegulator: Don\xe2\x80\x99t let Boris Johnson have another chance to abuse the honours system.  Please sign and circulate as widely as you can t\xe2\x80\xa6'
2022-07-14 23:58:43+00:00,1547732353681727488,"Frodsham, England",Jo Kavanagh üåπ,"b'RT @SimonUbsdell: A Penny Mordaunt government will have you begging pitifully for the return of reliable, honest, dependable \xe2\x80\x98Boris\xe2\x80\x99 Johnso\xe2\x80\xa6'"
2022-07-14 23:58:42+00:00,1547732348950654977,"Kano, Nigeria",Fatima Gambo Raka,b'RT @Ya_Abdool: This is labanoris\n\nDaga gani na ka san bani da wani\nworries\n\nIn kak-katse kuma inci boris\n\n@Dj_Abba ne dont act like you dun\xe2\x80\xa6'
2022-07-14 23:58:41+00:00,1547732346840920066,,NewFoolFromTheHill,"b'RT @samjharland: Rushi replacing Boris. It\xe2\x80\x99s like being in a care home in the 70\xe2\x80\x99s, laying on your bed after hearing Saville won\xe2\x80\x99t be visit\xe2\x80\xa6'"
2022-07-14 23:58:40+00:00,1547732344085196801,,We must turn Boris Johnson Left,b'@yet_so_far I am kicking myself for not keeping a copy of that anecdote where people explained microchips to Boris\xe2\x80\xa6 https://t.co/H4yIUUHH1b'
2022-07-14 23:58:40+00:00,1547732343464505345,,greengrowersr.,b'RT @kylenabecker: Breaking News.\xf0\x9f\x9a\xa8\n\nEstonian prime minister Kaja Kallas has just resigned.\n\nThis follows upon the resignation announcements\xe2\x80\xa6'
2022-07-14 23:58:39+00:00,1547732338531975168,"Wrexham, North Wales (UK)",Cal,"b""RT @JeremyCordite: The lefties have got rid of Boris and they're still angry and depressed. \xf0\x9f\x98\x82"""
2022-07-14 23:58:37+00:00,1547732331397451778,beautiful perfect Canada,The Pleb (he/him) üá∫üá¶‚ù§Ô∏èüåà3xüíâüò∑,b'RT @kylenabecker: Breaking News.\xf0\x9f\x9a\xa8\n\nEstonian prime minister Kaja Kallas has just resigned.\n\nThis follows upon the resignation announcements\xe2\x80\xa6'
2022-07-14 23:58:36+00:00,1547732323759636481,NI UK,Jane #SupportRefugees,b'RT @Kevin_Maguire: We need a new economic plan to overcome sluggish economic growth - Liz Truss.\n\nMemo to Liz Truss: The Tories have been i\xe2\x80\xa6'
2022-07-14 23:58:34+00:00,1547732318810296326,,elizabeth payton,b'RT @geoffreyMyers1: Allegations now that #MichaelGove is secretly on #TeamRishi and has been for some time \xf0\x9f\x98\xaeBut is publicly backing #Kemi t\xe2\x80\xa6'
2022-07-14 23:58:34+00:00,1547732315358392320,Nigeria,DJ AB,b'RT @Ya_Abdool: This is labanoris\n\nDaga gani na ka san bani da wani\nworries\n\nIn kak-katse kuma inci boris\n\n@Dj_Abba ne dont act like you dun\xe2\x80\xa6'
2022-07-14 23:58:32+00:00,1547732309385682946,,Judes,b'RT @JamesMelville: \xf0\x9f\x87\xac\xf0\x9f\x87\xa7 UK: Boris Johnson resigns\n\xf0\x9f\x87\xae\xf0\x9f\x87\xb9 Italy: Mario Draghi\xc2\xa0offers resignation\n\xf0\x9f\x87\xb1\xf0\x9f\x87\xb0 Sri Lanka: President Gotabaya Rajapaksa agrees\xe2\x80\xa6'
2022-07-14 23:58:26+00:00,1547732284479922176,"British Columbia, Canada",Ez in the mountains,b'RT @kylenabecker: Breaking News.\xf0\x9f\x9a\xa8\n\nEstonian prime minister Kaja Kallas has just resigned.\n\nThis follows upon the resignation announcements\xe2\x80\xa6'
2022-07-14 23:58:23+00:00,1547732271628619777,,Martie Tolman,b'RT @peterjukes: How did Foreign Secretary Boris Johnson react to early revelations of Putin\xe2\x80\x99s great information war? All the evidence sugge\xe2\x80\xa6'
2022-07-14 23:58:21+00:00,1547732261851648000,,Maureen Ferguson,b'RT @80_mcswan: Has a combination of Brexit and Boris Johnson made the U.K. a laughing stock?\n\nJust type Yes or No'
2022-07-14 23:58:21+00:00,1547732260366925831,,Jim Brown,b'Take note Tory backstabbers who betrayed our PM Boris Johnson. \xf0\x9f\x87\xac\xf0\x9f\x87\xa7 https://t.co/prhmtt6xvF'
2022-07-14 23:58:18+00:00,1547732248085925891,,Holly,b'RT @kylenabecker: Breaking News.\xf0\x9f\x9a\xa8\n\nEstonian prime minister Kaja Kallas has just resigned.\n\nThis follows upon the resignation announcements\xe2\x80\xa6'
2022-07-14 23:58:15+00:00,1547732237365350402,England UK,Keith Marshall,"b""RT @make_mine_a_tea: BREAKING: Boris Johnson's press officer has threatened legal action if you suggest he travelled with a Russian violini\xe2\x80\xa6"""
2022-07-14 23:58:12+00:00,1547732224128061443,Scotland,Jacx #ToriesUnfitToGovern #ScottishIndependence,b'RT @localnotail: @StephenOld @RhonddaBryant @francjonsn Here is the section from the 06.07.22 Liaison Committee questioning about Boris Joh\xe2\x80\xa6'
2022-07-14 23:58:11+00:00,1547732219841564672,Liverpool,Jacko The Red,b'Prevent Boris Johnson from having a Resignation Honours List - Sign the Petition! https://t.co/mQDzUXVYxK via @UKChange'
2022-07-14 23:58:11+00:00,1547732218499330049,"Cape Town, South Africa",Amir of the Cape,"b'RT @GazWeetman: ""I will be leaving with my head held high"", says Boris Johnson with his hand down the back of his trousers.\n#PMQs https://t\xe2\x80\xa6'"
2022-07-14 23:58:08+00:00,1547732206361067521,"West Coast, U.S. ",shawny reed,b'RT @kylenabecker: Breaking News.\xf0\x9f\x9a\xa8\n\nEstonian prime minister Kaja Kallas has just resigned.\n\nThis follows upon the resignation announcements\xe2\x80\xa6'
2022-07-14 23:58:04+00:00,1547732191257366529,,Joe Clark‚ò≠,"b'RT @ChallengeYCL: Three years after his fairly historic victory, we bid an ignoble bon voyage to Boris Johnson, the Thatcher wannabe, witho\xe2\x80\xa6'"
2022-07-14 23:57:55+00:00,1547732153831608320,"Nottingham, England",Raman,"b'RT @peterjukes: Thread: \n\nGiven [Putin\xe2\x80\x99s campaign of espionage and infiltration, designed to cause destruction to Britain\xe2\x80\x99s prestige and in\xe2\x80\xa6'"
2022-07-14 23:57:54+00:00,1547732150845222920,,Tony McAfee üá®üá¶üáÆüá™üá±üá∫,b'@BrynnWalker5309 @DeplorableNorth .... For replace Boris Johnson https://t.co/Zq5pixjxpR'
2022-07-14 23:57:52+00:00,1547732139172450306,United Kingdom,Jan B,b'RT @tmt1958: @JuneMccarthy10 @jane798m @TomTugendhat @RishiSunak @KemiBadenoch @trussliz @PennyMordaunt He can mass debate as much as he li\xe2\x80\xa6'
2022-07-14 23:57:51+00:00,1547732136471343105,R‚Äôyleh,Chrissy Overkill,b'RT @MattHighton: Boris Johnson giving off real Isildur energy. If Isildur instead of fighting Sauron contracted a friend to make their own\xe2\x80\xa6'
2022-07-14 23:57:48+00:00,1547732122836037632,,Thedhu Habaru,"b'RT @FiorellaIsabelM: PM Boris Johnson resigns, Italy\xe2\x80\x99s Mario Draghi\xc2\xa0quits, Sri Lanka\xe2\x80\x99s leader forced to resign, Chile has a new non-Pinoche\xe2\x80\xa6'"
2022-07-14 23:57:43+00:00,1547732101193027587,United Kingdom,myChronomy üá∫üá¶ üá¨üáß üá∫üá∏,b'@ThanksBoJo @KevrotKev @tomhfh @TrussTories David Frost is totally bloody useless - he is hardly an authority on an\xe2\x80\xa6 https://t.co/eZ0MPUEH3c'
2022-07-14 23:57:42+00:00,1547732097812443137,"Yorkshire, European Union",Peter Howells #JohnsonOut #FBPE #NotMovingOn üá™üá∫,b'RT @peterjukes: We effectively abandoned [the Ukrainian people] during their eight-year-long struggle to hold back the dark Putinist tide o\xe2\x80\xa6'
2022-07-14 23:57:41+00:00,1547732094150852615,,StreamJHope‚ÄôsArson,b'RT @kylenabecker: Breaking News.\xf0\x9f\x9a\xa8\n\nEstonian prime minister Kaja Kallas has just resigned.\n\nThis follows upon the resignation announcements\xe2\x80\xa6'
2022-07-14 23:57:35+00:00,1547732067441487874,"Manchester, England",peter j,b'RT @Geoff24920157: @Nigel_Farage How about you and Boris head up a new party. LibLabCon would be apoplectic.\nNigel YOUR COUNTRY NEEDS YOU \xf0\x9f\xab\xb5'
2022-07-14 23:57:30+00:00,1547732048709709826,,Chris12C,b'RT @BBCRosAtkins: Last week Boris Johnson told MPs he met Russian oligarch and ex-KGB officer Alexander Lebedev without officials present.\xe2\x80\xa6'
2022-07-14 23:57:29+00:00,1547732043638775810,"London, England",mistygo,"b""RT @pcaruanagalizia: NEW: A national security risk unseen since the Profumo Affair.\n\nWho accompanied Boris Johnson to a former KGB agent's\xe2\x80\xa6"""
2022-07-14 23:57:27+00:00,1547732035849949184,"California, USA",@ShiningChar,b'RT @kylenabecker: Breaking News.\xf0\x9f\x9a\xa8\n\nEstonian prime minister Kaja Kallas has just resigned.\n\nThis follows upon the resignation announcements\xe2\x80\xa6'
2022-07-14 23:57:25+00:00,1547732025628508162,UK,Snapps I support our NHSüíôüá∫üá¶,"b'RT @peterjukes: Thread: \n\nGiven [Putin\xe2\x80\x99s campaign of espionage and infiltration, designed to cause destruction to Britain\xe2\x80\x99s prestige and in\xe2\x80\xa6'"
2022-07-14 23:57:23+00:00,1547732019446030340,a guest on Boonwurrung lands,James M üêÄ 'Just a guest here',b'RT @TobyGreenane: George Brandis thinking Boris Johnson was a brilliant man says all you need to know about both men.'
2022-07-14 23:57:22+00:00,1547732014765207552,London,GS,"b'RT @BBCRosAtkins: In the middle of everything else going on last week, Boris Johnson told MPs he met Russian oligarch and ex-KGB officer Al\xe2\x80\xa6'"
2022-07-14 23:57:22+00:00,1547732013288792068,,MarieG888,b'RT @kylenabecker: Breaking News.\xf0\x9f\x9a\xa8\n\nEstonian prime minister Kaja Kallas has just resigned.\n\nThis follows upon the resignation announcements\xe2\x80\xa6'
2022-07-14 23:57:21+00:00,1547732012672225281,Europe,Brexit Turmoil üéÄDo Gooder GirlySwot Esqüï∑,"b""RT @DoubleDownNews: Peter Oborne Demolishes Boris Johnson's Legacy @obornetweets https://t.co/sbr4QKvPRl"""
2022-07-14 23:57:20+00:00,1547732006565322752,"Kirkcaldy, Scotland",Maureen Pickering,"b""RT @Iain643: Just imagine now the reaction from #bbcgms @BBCRadioScot if Scotland changed it's leader quicker than Boris Johnson changed hi\xe2\x80\xa6"""
2022-07-14 23:57:19+00:00,1547732000852701185,WEST LOTHIAN,Donald Stavert,"b""RT @pcaruanagalizia: NEW: A national security risk unseen since the Profumo Affair.\n\nWho accompanied Boris Johnson to a former KGB agent's\xe2\x80\xa6"""
2022-07-14 23:57:17+00:00,1547731994301198338,,Kyriakos Sachinidis,"b""RT @ByDonkeys: The Tory leadership candidates want credit for telling Boris Johnson to go. But here's what they recently said about him. ht\xe2\x80\xa6"""
2022-07-14 23:57:16+00:00,1547731988655640576,,Vanessa Kennedy,b'RT @tortoise: Who did Boris Johnson go to Italy with when he visited Russian oligarch Alexander Lebedev in 2018? \n\n@pcaruanagalizia had som\xe2\x80\xa6'
2022-07-14 23:57:15+00:00,1547731986009075713,United States of Multan,M Saqib,"b'RT @rreeces: we all wanted boris to resign and now we might have rishi sunak, we\xe2\x80\x99ll never win \xf0\x9f\xa4\xa3'"
2022-07-14 23:57:14+00:00,1547731982146187272,"Here, there, everywhere",sunnyside,b'RT @MrMichaelSpicer: the room next door - Boris Johnson Farewell Special\n\nAll the great hits on one sensational new album. \n\nhttps://t.co/4\xe2\x80\xa6'
2022-07-14 23:57:13+00:00,1547731976349630469,,Robert Lane,b'RT @dapice_dom: @TheRealKeean Boris is gone the Italian Prime Minister just resigned. Rutt is next. The whole WEF is falling apart.'
2022-07-14 23:57:12+00:00,1547731973031964672,,The Thick of It,"b""'Patriots' Review: Tom Hollander Stars as Putin Foe Boris Berezovsky - Variety - https://t.co/TlbgoU2RHM #ThickofIt"""
2022-07-14 23:57:11+00:00,1547731969399595009,Planet Earth,ThommytheCat3,"b'RT @TomLondon6: ""PMQs: Boris Johnson says he leaves with his head held high""\n\nThe man should leave with his hands cuffed'"
2022-07-14 23:57:10+00:00,1547731966111297542,,Denise,"b'RT @Short2Cjs: The Civil servant behind the bullying of Boris .... but on whose orders\xe2\x9d\x93\xef\xb8\x8f Sunak, with a lot of help from Cummings\xe2\x9d\x93\xef\xb8\x8f But who\xe2\x80\xa6'"
2022-07-14 23:57:10+00:00,1547731965662531585,London UK,Phillip Hartüè≥Ô∏è‚Äçüåàüíôüòº‚ù§Ô∏è,b'RT @UKRegulator: Don\xe2\x80\x99t let Boris Johnson have another chance to abuse the honours system.  Please sign and circulate as widely as you can t\xe2\x80\xa6'
2022-07-14 23:57:10+00:00,1547731964580352003,UK,Helenaüï∑,b'RT @tortoise: Who did Boris Johnson go to Italy with when he visited Russian oligarch Alexander Lebedev in 2018? \n\n@pcaruanagalizia had som\xe2\x80\xa6'
2022-07-14 23:57:08+00:00,1547731957169004544,"Maryland, USA",Bill Fox,b'RT @kylenabecker: Breaking News.\xf0\x9f\x9a\xa8\n\nEstonian prime minister Kaja Kallas has just resigned.\n\nThis follows upon the resignation announcements\xe2\x80\xa6'
2022-07-14 23:57:07+00:00,1547731953243537408,üåè,CreamAesth,b'RT @Gabriel_Pogrund: EXCLUSIVE: Boris Johnson lobbied for a public role for a young woman who says he abused his power to have a sexual rel\xe2\x80\xa6'
2022-07-14 23:57:06+00:00,1547731949011079174,"New York, USA",cattycat,b'RT @kylenabecker: Breaking News.\xf0\x9f\x9a\xa8\n\nEstonian prime minister Kaja Kallas has just resigned.\n\nThis follows upon the resignation announcements\xe2\x80\xa6'
2022-07-14 23:57:04+00:00,1547731940647653376,,Zara üõª üê≠,"b""RT @afshinrattansi: BREAKING: \xf0\x9f\x87\xae\xf0\x9f\x87\xb9Italy descends into chaos. After \xf0\x9f\x87\xac\xf0\x9f\x87\xa7UK PM Boris Johnson's resignation, now Mario Draghi\xc2\xa0quits as neocon prim\xe2\x80\xa6"""
2022-07-14 23:57:02+00:00,1547731932150054919,"England, United Kingdom",Regina Almeida,"b'RT @W00dy59: On Tuesday 5th of July,  myself and Mrs G stood outside the Downing street gates with a large crowd of people hoping to catch\xe2\x80\xa6'"
2022-07-14 23:57:01+00:00,1547731927334993927,"Chicago, IL",Jose Requena,b'RT @peterjukes: How did Foreign Secretary Boris Johnson react to early revelations of Putin\xe2\x80\x99s great information war? All the evidence sugge\xe2\x80\xa6'
2022-07-14 23:57:01+00:00,1547731926223425538,,JONAH KHAMATHEW,"b'RT @TonyMurega: Rishi Sunak, Son of Indian immigrants from East Africa (father born in Kenya &amp; mother in Tanzania) is leading in the race t\xe2\x80\xa6'"
2022-07-14 23:57:00+00:00,1547731924327600128,"England, United Kingdom",sir Ian Warren #Partygate #SueGrayReport,"b""RT @kercle: I didn't want Boris Johnson. I certainly don't want his sloppy seconds!\n\n#GeneralElectionNow"""
2022-07-14 23:56:54+00:00,1547731898021007365,,womble69,b'RT @DuncanM11316193: @GBNEWS Boris. Not perfect but better than the rest of them put together. \n\nAnd infinitely better than ginger growler\xe2\x80\xa6'
2022-07-14 23:56:53+00:00,1547731892450996227,"London, England, UK.",Who Cares Wins!,b'RT @Kevin_Maguire: We need a new economic plan to overcome sluggish economic growth - Liz Truss.\n\nMemo to Liz Truss: The Tories have been i\xe2\x80\xa6'
2022-07-14 23:56:52+00:00,1547731889082941441,"Penarth, South Wales",Ceri Saboteur üíô #NHS #FBPE #dogooderüè¥Û†ÅßÛ†Å¢Û†Å∑Û†Å¨Û†Å≥Û†Åøüá™üá∫üá¨üáß,"b""RT @pcaruanagalizia: NEW: A national security risk unseen since the Profumo Affair.\n\nWho accompanied Boris Johnson to a former KGB agent's\xe2\x80\xa6"""
2022-07-14 23:56:48+00:00,1547731874314719232,,Joanna Gagne,b'RT @kylenabecker: Breaking News.\xf0\x9f\x9a\xa8\n\nEstonian prime minister Kaja Kallas has just resigned.\n\nThis follows upon the resignation announcements\xe2\x80\xa6'
2022-07-14 23:56:48+00:00,1547731872850972674,France,Crollalanza,b'RT @spriteer_774400: Mario Draghi became the second world leader to step down days after meeting Erdogan. The first was Boris Johnson.'
2022-07-14 23:56:47+00:00,1547731868614660096,,Ilona,b'RT @peterjukes: How did Foreign Secretary Boris Johnson react to early revelations of Putin\xe2\x80\x99s great information war? All the evidence sugge\xe2\x80\xa6'
2022-07-14 23:56:47+00:00,1547731867939377153,Lost in space,AgNCanada ‚≠à Fighting for Truth & Justice CA/USA,b'RT @kylenabecker: Breaking News.\xf0\x9f\x9a\xa8\n\nEstonian prime minister Kaja Kallas has just resigned.\n\nThis follows upon the resignation announcements\xe2\x80\xa6'
2022-07-14 23:56:39+00:00,1547731833340588032,,sage !,"b""RT @F3MALEROBB3RY: young boris pavlikovsky is something really personal and special to me, u can't understand"""
2022-07-14 23:56:38+00:00,1547731829146656768,"Tokyo-to, Japan",Revuigon,b'RT @kylenabecker: Breaking News.\xf0\x9f\x9a\xa8\n\nEstonian prime minister Kaja Kallas has just resigned.\n\nThis follows upon the resignation announcements\xe2\x80\xa6'
2022-07-14 23:56:30+00:00,1547731797340917760,,RosieB üíôüíõüò∑üêïü§øüí¶üåûüèé,b'RT @bbcquestiontime: \xe2\x80\x9cI don\xe2\x80\x99t know why you stayed in post so long? You knew he was a wrong \xe2\x80\x98un\xe2\x80\x9d\n\n\xe2\x80\x9cThe prime minister said.. give me a chanc\xe2\x80\xa6'
2022-07-14 23:56:29+00:00,1547731791154278403,"Dartford, Kent",Lorraine Harmer,b'RT @JamesMelville: \xf0\x9f\x87\xac\xf0\x9f\x87\xa7 UK: Boris Johnson resigns\n\xf0\x9f\x87\xae\xf0\x9f\x87\xb9 Italy: Mario Draghi\xc2\xa0offers resignation\n\xf0\x9f\x87\xb1\xf0\x9f\x87\xb0 Sri Lanka: President Gotabaya Rajapaksa agrees\xe2\x80\xa6'
2022-07-14 23:56:25+00:00,1547731775857668098,,eleanor odonnell,"b""RT @Iain643: Just imagine now the reaction from #bbcgms @BBCRadioScot if Scotland changed it's leader quicker than Boris Johnson changed hi\xe2\x80\xa6"""
2022-07-14 23:56:24+00:00,1547731773559148544,United Kingdom,Muzzafan üá¨üáßüá∫üá¶,b'DIRTY DOUGIE: Boris Johnson \xe2\x80\x98THREATENED\xe2\x80\x99 into resigning by Tory close to Rishi Sunak \xc2\xa0 https://t.co/czPN7dgQhB via @politicalite'
2022-07-14 23:56:24+00:00,1547731770841280512,Sussex,Barbara Roscoe,b'RT @Harley_Tory: Retweet if you think Boris was stitched up by the British news media who have an agenda to some how get us dragged back in\xe2\x80\xa6'
2022-07-14 23:56:23+00:00,1547731766651129859,,Peter Morgan,b'RT @mrjoelclark: Superb by @EdwardDocx \n\nhttps://t.co/E1C9RnR2Q8'
2022-07-14 23:56:21+00:00,1547731758514262017,Scotland Never Britain,Iainüè¥Û†ÅßÛ†Å¢Û†Å≥Û†Å£Û†Å¥Û†Åø Els tories surten d'Esc√≤cia,"b""RT @Iain643: Just imagine now the reaction from #bbcgms @BBCRadioScot if Scotland changed it's leader quicker than Boris Johnson changed hi\xe2\x80\xa6"""
2022-07-14 23:56:21+00:00,1547731757155225600,,Moody Steve ‚óè,b'RT @UKRegulator: Don\xe2\x80\x99t let Boris Johnson have another chance to abuse the honours system.  Please sign and circulate as widely as you can t\xe2\x80\xa6'
2022-07-14 23:56:20+00:00,1547731755389489159,"Glasgow, Scotland",Graham Maloney,b'RT @GrahamMaloney8: @mgoldenmsp Out performing rest of the unequal union during these times when covid etc rampant because of herd immunity\xe2\x80\xa6'
2022-07-14 23:56:13+00:00,1547731727497318400,"Yorkshire, European Union",Peter Howells #JohnsonOut #FBPE #NotMovingOn üá™üá∫,"b'RT @peterjukes: Thread: \n\nGiven [Putin\xe2\x80\x99s campaign of espionage and infiltration, designed to cause destruction to Britain\xe2\x80\x99s prestige and in\xe2\x80\xa6'"
2022-07-14 23:56:12+00:00,1547731722971713536,North Carolina,Steph,b'RT @kylenabecker: Breaking News.\xf0\x9f\x9a\xa8\n\nEstonian prime minister Kaja Kallas has just resigned.\n\nThis follows upon the resignation announcements\xe2\x80\xa6'
2022-07-14 23:56:11+00:00,1547731717128986628,,Donna Foxall,"b""RT @andrewgpoole: At age 74, I've seen a lot of Prime Ministers, but none have matched Boris for the thrill of the ride! #NeverRishi"""
2022-07-14 23:56:07+00:00,1547731699009654785,Scotland.,O'Maoilbheannachta,b'RT @peterjukes: How did Foreign Secretary Boris Johnson react to early revelations of Putin\xe2\x80\x99s great information war? All the evidence sugge\xe2\x80\xa6'
2022-07-14 23:56:07+00:00,1547731698481147905,,Oliver Darko,"b""Last week UK's prime minister Boris Johnson announced he will resign somewhere in September. Since then he can't ev\xe2\x80\xa6 https://t.co/K5Wt17jafo"""
2022-07-14 23:56:07+00:00,1547731698476990467,Cardiff,Ian R McAllister,"b""RT @OborneTweets: In the 1970s Britain had a problem with overmighty trade unions. Fifty years on the problem isn't the unions. It's  the f\xe2\x80\xa6"""
2022-07-14 23:56:06+00:00,1547731695893327873,England,Blue Streak,"b'RT @Glenbonny: @redparaman @linB2198 @W00dy59 @SuejDavej That\xe2\x80\x99s Boris \xf0\x9f\x98\x8d\n\nHe is such a loss, he was the people\xe2\x80\x99s PM.'"
2022-07-14 23:56:03+00:00,1547731685176799233,"Sussex, UK",LouiseP,"b'RT @suemitch2017: ""\'Calls for probe\' into shadowy Tory accused of \'threatening Boris Johnson in phone call\'\xc2\xa0 | Daily Mail Online"" https://t\xe2\x80\xa6'"
2022-07-14 23:55:59+00:00,1547731665052524544,"Qu√©bec, Canada",Rick,b'RT @JamesMelville: \xf0\x9f\x87\xac\xf0\x9f\x87\xa7 UK: Boris Johnson resigns\n\xf0\x9f\x87\xae\xf0\x9f\x87\xb9 Italy: Mario Draghi\xc2\xa0offers resignation\n\xf0\x9f\x87\xb1\xf0\x9f\x87\xb0 Sri Lanka: President Gotabaya Rajapaksa agrees\xe2\x80\xa6'
2022-07-14 23:55:56+00:00,1547731655363727361,"Glasgow, Scotland",Graham Maloney,b'@mgoldenmsp Out performing rest of the unequal union during these times when covid etc rampant because of herd immu\xe2\x80\xa6 https://t.co/NIZcHcOcg6'
2022-07-14 23:55:55+00:00,1547731649298776068,UK,Augustinus,b'RT @JamesMelville: \xf0\x9f\x87\xac\xf0\x9f\x87\xa7 UK: Boris Johnson resigns\n\xf0\x9f\x87\xae\xf0\x9f\x87\xb9 Italy: Mario Draghi\xc2\xa0offers resignation\n\xf0\x9f\x87\xb1\xf0\x9f\x87\xb0 Sri Lanka: President Gotabaya Rajapaksa agrees\xe2\x80\xa6'
2022-07-14 23:55:51+00:00,1547731631842029570,United Kingdom,Jan B,b'RT @SteveSheasby: @W00dy59 @elaine_stott And the traitor is\xe2\x80\xa6 @RishiSunak #neverrishi https://t.co/1JZMPJBqQI'
2022-07-14 23:55:51+00:00,1547731631770705920,OH-USA,jNitaP,b'RT @kylenabecker: Breaking News.\xf0\x9f\x9a\xa8\n\nEstonian prime minister Kaja Kallas has just resigned.\n\nThis follows upon the resignation announcements\xe2\x80\xa6'
2022-07-14 23:55:49+00:00,1547731626133581830,"Stockport, England",Jake Kharadi,"b'RT @jeremycorbyn: Boris Johnson is the 3rd Tory PM in 10 yrs &amp; leaves behind him 14m in poverty, a record number of people going hungry, a\xe2\x80\xa6'"
2022-07-14 23:55:49+00:00,1547731624707510272,,Padmaa üôÇ,b'RT @TheInsiderPaper: Leaders that have been changed / will be changed this year without an election:\n\nImran Khan - Pakistan\nBoris Johnson -\xe2\x80\xa6'
2022-07-14 23:55:48+00:00,1547731619766620169,Good-Question,Thomas LeBron,"b""@cassisnouveau @kylenabecker Worse than Boris?  I don't even want to go there."""
2022-07-14 23:55:47+00:00,1547731615266136064,,Kenny Lingus,b'@LBC FROM ONE OF YOUR \xe2\x80\x98 CHILDREN \xe2\x80\x98 WHO PARTIED AT YOUR PASSING \xe2\x80\xa6\xe2\x80\xa6\xe2\x80\xa6..WE MISS U MUMMY MARGRET !\nSeems ironic UKRAINE\xe2\x80\xa6 https://t.co/soxsP5BRLE'
2022-07-14 23:55:42+00:00,1547731597356437504,,Mike H,"b""RT @DoubleDownNews: Peter Oborne Demolishes Boris Johnson's Legacy @obornetweets https://t.co/sbr4QKvPRl"""
2022-07-14 23:55:36+00:00,1547731568533221376,United States,SkipHope,b'RT @kylenabecker: Breaking News.\xf0\x9f\x9a\xa8\n\nEstonian prime minister Kaja Kallas has just resigned.\n\nThis follows upon the resignation announcements\xe2\x80\xa6'
2022-07-14 23:55:33+00:00,1547731557900623874,,Roman Catholic,b'RT @kylenabecker: Breaking News.\xf0\x9f\x9a\xa8\n\nEstonian prime minister Kaja Kallas has just resigned.\n\nThis follows upon the resignation announcements\xe2\x80\xa6'
2022-07-14 23:55:30+00:00,1547731547289051137,Republic of Wales,Gareth Mercer,"b'RT @peterjukes: Thread: \n\nGiven [Putin\xe2\x80\x99s campaign of espionage and infiltration, designed to cause destruction to Britain\xe2\x80\x99s prestige and in\xe2\x80\xa6'"
