id,date,username,tweet
1544833571105476611,2022-07-06 23:59:59+00:00,WokinghamWeatha,"Temp: 18.5ï¿½C. Humidity 71% Rain today 0.0 mm. Barometer 1025.9 hPa, Falling slowly. Wind 4 mph W, WindRun 5.0 mi, Gust 7 mph."
1544833567666077696,2022-07-06 23:59:58+00:00,gk3020,Sorry guysâ€¦ you will have to drag me out of no 10.its too cosy and comfy in here. My skin is Too thick .
1544833567141744641,2022-07-06 23:59:58+00:00,_ACasso,My heart just skipped a beat seeing â€œThe Lord of the Rings: The Rings of Power season 1â€ on Prime and itâ€™s only a bonus 1 minute feature ğŸ˜­ğŸ˜­
1544833566432968705,2022-07-06 23:59:58+00:00,prowerrr_,"Your mother could be LGBTQ
Your father could be LGBTQ

Iz nice 2b niiiice ğŸ¶"
1544833565736796172,2022-07-06 23:59:58+00:00,mylewishamilton,EU GRITEI TANTO NESSE GOL
1544833565690560513,2022-07-06 23:59:58+00:00,RNnam_92,Castillo is hands down one of the funniest people the internet has ever seen
1544833564172111873,2022-07-06 23:59:57+00:00,mtbfrry,desayunando ya por fin ğŸ™
1544833559906734086,2022-07-06 23:59:56+00:00,ellieinabox,tell me why kyle is tutting me in his sleep ffs iâ€™m even disappointing to the unconscious
1544833547839721475,2022-07-06 23:59:54+00:00,_Pvplx_,I could watch cooking shows for the rest of my life uno
1544833543947296769,2022-07-06 23:59:53+00:00,BennyMannequin,Thinking of doing a live listening party for burnas album
1544833541850161152,2022-07-06 23:59:52+00:00,bigbenclockbong,"July 07, 2022 at 12:59AM 

BONG BONG BONG"
1544833541044846598,2022-07-06 23:59:52+00:00,kanauk2,"ä»Šé€±ã®ä¸å®‰ã ã£ãŸ2æ—¥é–“ãŒçµ‚ã‚ã£ãŸï¼
å¤§å¤‰ã ã£ãŸã‘ã©å¤§ä¸ˆå¤«ã ã£ãŸï¼
ä¼‘ã¿ã ãƒ¼ãƒ¼ãƒ¼ğŸ˜¸"
1544833527971192833,2022-07-06 23:59:49+00:00,aisber28,"The way this whole convo is giving clubhouse days vibes, I love ittt ğŸ˜© #TALKSWITHASH"
1544833518408171520,2022-07-06 23:59:47+00:00,skummy420,remember when i saved the city
1544833516210245632,2022-07-06 23:59:46+00:00,pgnyash,"Moon. Look your photography are in the future. Instead of making
ØŸ?
Ù†Ù…Ø´Û’

ğŸ”¹W77ğŸ”¹
ğŸ”¹W77ğŸ”¹
ğŸ”¹W77ğŸ”¹"
1544833515891613698,2022-07-06 23:59:46+00:00,PolyglotRadio,Voice Margaret Hashley - PR Logo Peace and lgbt rights
1544833513077280770,2022-07-06 23:59:45+00:00,333Kharrynnn,Spotify &gt;&gt;&gt;
1544833512708231172,2022-07-06 23:59:45+00:00,RealIvermectin,Could really use a bit of wake-up powder if youâ€™re reading this
1544833511286259712,2022-07-06 23:59:45+00:00,detoke__,This lady just needed a space to rantğŸ˜‚#lagosSwindler
1544833508459282433,2022-07-06 23:59:44+00:00,Jan_208,"Wordle 383 4/6
Yet another 4.

â¬œğŸŸ¨ğŸŸ©â¬œâ¬œ
â¬œâ¬œğŸŸ©â¬œğŸŸ©
â¬œâ¬œğŸŸ©ğŸŸ¨ğŸŸ©
ğŸŸ©ğŸŸ©ğŸŸ©ğŸŸ©ğŸŸ©"
1544833503740788737,2022-07-06 23:59:43+00:00,yvngtoiletpaper,Nintendo Switch Sports 10/10
1544833500637011970,2022-07-06 23:59:42+00:00,McKruegerz,Se o preÃ§o do meu azar no amor for mais uma libertadores eu tÃ´ disposta a pagar
1544833486158266368,2022-07-06 23:59:39+00:00,NQadri,Ù¾Ø§Ú©Ø³ØªØ§Ù† Ù…ÛŒÚº ØµØ±Ù Ø¬Ø¬ØŒØ¬Ø±Ù†ÛŒÙ„ Ø§ÙˆØ± Ø§Ù† Ú©Û’ Ø­Ù…Ø§ÛŒØª ÛŒØ§ÙØªÛ Ú©Ø±Ù¾Ù¹ Ø³ÛŒØ§Ø³ØªØ¯Ø§Ù† Ú©Ø§Ù…ÛŒØ§Ø¨ ÛÛŒÚº - Ù…Ù„Ú© Ø§ÙˆØ± Ø¹ÙˆØ§Ù… Ù…Ø³Ù„Ø³Ù„ ØªÙ†Ø²Ù„ÛŒ Ú©Ø§ Ø´Ú©Ø§Ø± ÛÛŒÚº - ØªØ±Ù‚ÛŒ Ø§Ø³ Ø¬Ø§Ù„ Ø§ÙˆØ± Ø´Ø±Ø§Ú©Øª Ú©Û’ Ø®Ø§ØªÙ…Û’ Ø³Û’ Ù…Ø´Ø±ÙˆØ· ÛÛ’
1544833485604634624,2022-07-06 23:59:39+00:00,queenlathifath,"Will Encounter. grocer's faith in the 1960s to wear pants
ØŸ?
Û’â¦Ù†ÙˆÙ†â©-

ğŸ”¹OL97ğŸ”¹
ğŸ”¹OL97ğŸ”¹
ğŸ”¹OL97ğŸ”¹"
1544833485524828163,2022-07-06 23:59:39+00:00,zeshmohmand,Ø³Ø¨ Ù†Ù…Ø§Ø² Ù¾Ú‘Ú¾Û’ Ø§ÙˆØ± Ø§Ù† ØºÙ„Ø§Ù… Ø¬Ø¬Ø² Ú©Û’ Ø³ÛÛŒ Ø¨Ø¯Ø¹Ø§Øª Ø¯Û’
1544833478633586688,2022-07-06 23:59:37+00:00,VeRon7,"Even Jesus was not called.. ""Pastor Jesus or Bishop Jesus or Deacon Jesus or Elder Jesus or Minister Jesus"" while He was on earth ... Might these titles be yet another human construct that has massive ""trip up"" potential ğŸ¤”ğŸ¤”?"
1544833462833938432,2022-07-06 23:59:33+00:00,AccioHyewon,Ang ganda ni Winter! ğŸ¥ºğŸ˜ Maganda silang lahat actually. ğŸ˜
1544833454122172416,2022-07-06 23:59:31+00:00,littleBIELx,Simplesmente rony rÃºstico
1544833453593600000,2022-07-06 23:59:31+00:00,RyanvanderBerg_,"So glad you rejected me , itâ€™s okay. Goodbye ğŸ’¤"
1544833453165797376,2022-07-06 23:59:31+00:00,MNOW_76,"..

Ø§Ø¨ÙŠÙƒ Ø¶Ø±ÙˆØ±ÙŠ Ø¬Ø¯Ø§Ù‹ ğŸ™„"
1544833451714543616,2022-07-06 23:59:31+00:00,marktheat,Listen to the people phoning into @LBC defending  theğŸ›’ it's an absolute marketers dream!!! 52 % of the nation will believe anything they'r told or heard from someone that is on facebook
1544833449365839872,2022-07-06 23:59:30+00:00,adcrsp,que vontade de um choppzinho ğŸ˜©
1544833449265340416,2022-07-06 23:59:30+00:00,RossRafa,Queria dizer que eu estou no Allianz atrÃ¡s do gol sul e TESTEMUNHEI o gol de bicicleta do Rony.
1544833439525875712,2022-07-06 23:59:28+00:00,DrSimonAshworth,"Got to say I just want Boris to stay a bit longerâ€¦ the effect on the Tory party is hilariousâ€¦

Sacking â€œGove for behaving like a snakeâ€ pure goldâ€¦

Tories made this lunatic their leaderâ€¦

â€A great electoral assetâ€ more or less than smallpox?"
1544833423566594050,2022-07-06 23:59:24+00:00,GeriCarr,Iâ€™ve missed it all ğŸ¤£ whatâ€™s happening now with BoJo
1544833420882231298,2022-07-06 23:59:23+00:00,energyispower,African Giant200829
1544833416822247425,2022-07-06 23:59:22+00:00,Sep1914Antonio,JESUS QUE GOLAÃ‡O
1544833387927576576,2022-07-06 23:59:15+00:00,canterburytwts,"He had fought nobly in his lordâ€™s war,
And ridden to the fray, and no man more,
As much in Christendom as heathen place,
And ever honoured for his worth and grace.
#canterburytales"
1544833385935343616,2022-07-06 23:59:15+00:00,carterge_,"Toss your dirty shoes in my washing machine heart
Baby, bang it up inside
I'm not wearing my usual lipstick
I thought maybe we would kiss tonight
Baby will you kiss me already and
Toss your dirty shoes in my washing machine heart?"
1544833381527068674,2022-07-06 23:59:14+00:00,SpikellaxGrimm,"Steps to interference. If you stay in Ghana and inspire them to
ØŸ?
Ù†Ù…Ø´Û’

ğŸ”¹H70ğŸ”¹
ğŸ”¹H70ğŸ”¹
ğŸ”¹H70ğŸ”¹"
1544833376779124737,2022-07-06 23:59:13+00:00,jbcrsccp,"rony finalmente acertou a bicicleta. nunca desistam glr, fÃ©"
1544833372068974594,2022-07-06 23:59:12+00:00,Smytho15,"Hi, stupid as this could prove ğŸ¤£. 

Could the queen actually in reality bomb the twat out.

Yes I know it wouldn't happen.  Just asking X"
1544833356759703557,2022-07-06 23:59:08+00:00,LuvAbioticFuel,Ellen Page is not a man.
1544833355396419585,2022-07-06 23:59:08+00:00,kitten_filth,I like soft sweet things like flowers + hand written notes + plushies + ( being railed ). I like having my hand held and my forehead kissed ( whilst being railed). It's the little things like this that I really Ä•ÌˆnÌ†ÌˆjÌ†ÌˆÅÌˆyÌ†Ìˆ
1544833348941582338,2022-07-06 23:59:06+00:00,Bigbenclock7,"July 07, 2022 at 12:59AM

Bong Bong Bong"
1544833345682546690,2022-07-06 23:59:05+00:00,Therealmshari,"ÙŠØ§Ù‚Ù„Ø¨ÙŠ Ù„ÙŠØ´ ØªØ¹Ù„Ù‚Øª 
Ø¨Ø£Ù†Ø³Ø§Ù† Ø§Ø¨Ø¯ Ù…Ø§ÙŠØ­Ø¨Ù†ÙŠ

Ù…Ø§ÙŠÙˆÙ… Ø¨ÙŠÙ†Ù„ÙŠ Ø§Ù„Ø¹Ø´Ù‚ 
ÙˆÙŠÙ‘ Ø§Ù„ØºØ±Ø¨ Ø­Ø§Ø³Ø¨Ù†ÙŠ .."
1544833344491474944,2022-07-06 23:59:05+00:00,JajaPhD,"Every time you cut it short, it gets longer. Na hydra? #LagosSwindlers"
1544833339932164098,2022-07-06 23:59:04+00:00,guy_kun,"It's time.
This is truly our everything.
This is Arcaea.

Remember us."
1544833334152679424,2022-07-06 23:59:03+00:00,WildStormyOne,I don't want to be alone but no one wants to be with me. Fuck no one even wants to touch me. I'm going to be all e forever and it hurts so much
1544833333208702976,2022-07-06 23:59:02+00:00,ellxali,No better feeling than preparing your first little home with the love of ur life for ur baby to come back to in 4 weeks timeğŸ¤
1544833327961673731,2022-07-06 23:59:01+00:00,natamams,Iyi geceler. sahibindende asla alamayacaÄŸÄ±m evlere bakma saatim geldi
1544833323712798723,2022-07-06 23:59:00+00:00,JasonUK27,O #Rony fez de bike porraaaaaa #Palmeiras
1544833292784001024,2022-07-06 23:58:53+00:00,Sep1914Antonio,"RÃšSTICO
RÃšSTICO
RÃšSTICO
RÃšSTICO
RÃšSTICO"
1544833283837534214,2022-07-06 23:58:51+00:00,Alistair_King,Remember when one of his constituents called him a â€œfilthy piece of toeragâ€ before turning on her heel and deserting a vox pop reporter? I think about that quite a lot.
1544833280444448769,2022-07-06 23:58:50+00:00,Lynneylicious,Just got @coldplay tickets for Wembley. Another to tick off the bucket list. Am going with my 20yr old son. Have told him we will be queuing EARLY as I need to be near the front! So bloody excited!!!!
1544833277344632832,2022-07-06 23:58:49+00:00,SongsandSonets,"Serve but to sound thy makers praise, in thine,"
1544833273737748482,2022-07-06 23:58:48+00:00,xanjos,"Wordle 383 5/6

ğŸŸ©â¬›â¬›â¬›ğŸŸ©
ğŸŸ©â¬›â¬›â¬›ğŸŸ©
ğŸŸ©â¬›â¬›â¬›ğŸŸ©
ğŸŸ©ğŸŸ¨ğŸŸ©â¬›ğŸŸ©
ğŸŸ©ğŸŸ©ğŸŸ©ğŸŸ©ğŸŸ©"
1544833254771023875,2022-07-06 23:58:44+00:00,chelsxbangtan13,"Why is it so hard to get rid of pain. It's horrible, it makes me sick. I just want to be pain free. I feel useless, I'm barely able to do anything. I just wish it would disappear. I'm so tired of it ğŸ˜”"
1544833253378560001,2022-07-06 23:58:43+00:00,LGulinelli1435,meu Deus rony.....
1544833252757803008,2022-07-06 23:58:43+00:00,hiimsad0,meu Deus tÃ¡ doendo mt
1544833251793051648,2022-07-06 23:58:43+00:00,quirkygamer96,Signing off for the night barrows grind in the morning followed by a afk grind up to 60 contemplating streaming tomorrowâ€¦.. night all if anyone is struggling Iâ€™m here to chat ğŸ™ğŸ™
1544833251159728129,2022-07-06 23:58:43+00:00,megangilson__,itâ€™s weird they donâ€™t make flavoured pasta (like the individual pieces)
1544833250438381568,2022-07-06 23:58:43+00:00,Rctrembala2,Que isso rony ğŸ˜³
1544833248307585024,2022-07-06 23:58:42+00:00,origami_watcher,"System Active ğŸš€

Sensors:
CPU Inlet: 30.9 Â°C
GPU Inlet: 28.5 Â°C
Pump Outlet: 32.6 Â°C
Ambient: 24.3 Â°C
Flow: 48.1 l/h
Delta: 10.9 Â°C
CPU CCD1 (Tdie): 36.8 Â°C
CPU CCD2 (Tdie): 38.2 Â°C
GPU (Core): 42.5 Â°C
GPU (VRAM): 58.0 Â°C"
1544833245925150720,2022-07-06 23:58:42+00:00,pgnyash,"Use poisonous foreigners have: his
ØŸ?
Ù†Ù…Ø´Û’

ğŸ”¹W77ğŸ”¹
ğŸ”¹W77ğŸ”¹
ğŸ”¹W77ğŸ”¹"
1544833236962000898,2022-07-06 23:58:39+00:00,_eumths,QUE GOLAÃ‡O DO RONY KRL
1544833232977395714,2022-07-06 23:58:39+00:00,underxer,Ø·Ø­Øª Ø¹Ù„Ù‰ Ø£ØºÙ†ÙŠØ© Ø£Ø³Ø¨Ø§Ù†ÙŠØ© Ø£Ø´ØºÙ„Ù‡Ø§ Ù¢Ù¤/Ù§ ÙˆØªÙˆÙŠ Ø£Ø´ÙˆÙ Ø§Ù„ØªØ±Ø¬Ù…Ø© Ø§Ù†Ø¬Ù„Ø·Øª Ù…Ø³ØªØ­ÙŠ Ø£Ø³Ù…Ø¹Ù‡Ø§ Ù…Ø±Ø© Ø«Ø§Ù†ÙŠØ©
1544833216166744064,2022-07-06 23:58:35+00:00,CaidenForbes_,Downes seems a great signing
1544833213801144320,2022-07-06 23:58:34+00:00,phil_woods,"I think that I have reached the point where I could not care less who runs the country.
As long as I have access to diesel and firewood, not a lot else matters.
Hope the rest of you enjoy whatever happens xx"
1544833210907074563,2022-07-06 23:58:33+00:00,mariam_3aqel,"Ø§Ø¹ØªØ±ÙÙ„Ùƒ ØŒØ§Ù†ÙŠ ÙØ¹Ù„Ø§Ù‹ Ù…Ø§ Ø¹Ø±ÙØªÙƒ Ù…Ø§ Ø¹Ø±ÙØª Ø§ÙˆØµÙ„ Ù…Ø¹ Ù‚Ù„Ø¨ÙŠ Ù„Ø­Ù„ ÙˆÙ…Ø§ ÙÙ‡Ù…ØªÙƒ ! ØªØ¬Ù…Ø¹ÙŠÙ† Ø§Ù„Ø¶Ø¯ ÙÙŠ ÙƒÙ„ Ø§Ù„Ø§Ù…ÙˆØ± ØªØ´Ø¨Ù‡ÙŠÙ† Ø§ÙŠØ§Ù….. Ø§ÙˆÙ‚Ø§Øª Ø§Ù„Ø®Ø±ÙŠÙ
ÙˆØªÙ…Ø·Ø±ÙŠÙ† Ø§Ø­ÙŠØ§Ù†.. Ø§Ø­Ø³Ø§Ø³Ùƒ Ø²Ù‡ÙˆØ±."
1544833210630246400,2022-07-06 23:58:33+00:00,queenlathifath,"Is always, need in
ØŸ?
Û’â¦Ù†ÙˆÙ†â©-

ğŸ”¹OL97ğŸ”¹
ğŸ”¹OL97ğŸ”¹
ğŸ”¹OL97ğŸ”¹"
1544833208088494082,2022-07-06 23:58:33+00:00,CFC_Ha,ğŸš¨ #Chelsea are considering to sign with #Dybala as alternative if Raphinha's deal collapsed. Also AC #Milan's player Leao has been discussed by Chelsea. #CFC
1544833205240561664,2022-07-06 23:58:32+00:00,MNOW_76,"..

Ù…Ø§Ø¹Ù†Ø¯ÙŠ Ø£Ø­Ù„Ù‰ Ù…Ù† Ø´Ù‡Ø¯Ùƒ Ø¥Ù„Ø§ Ø´Ù‡Ø¯Ùƒ
ÙˆÙ„Ø§ Ø¹Ù†Ø¯ÙŠ Ø£ØºÙ„Ù‰ Ù…Ù† ØºÙ„Ø§Ùƒ ÙˆÙ„Ø§ ØºÙ„Ø§

ÙŠØ§ Ù…Ø¯ÙÙŠ Ø§Ù„Ù„ÙŠ ÙƒÙ„Ù…Ø§ ØºØ±Ø¨ Ø³Ø¹Ø¯Ùƒ
ÙØ²Ø²Øª ØºØ¯Ø±Ø§Ù†Ùƒ ÙˆØ§ÙˆÙ†Ø³Øª Ø§Ù„ØºÙ„Ø§

ØªØ¹Ø§Ù„ ÙˆÙŠÙ„Ù… Ø§Ù„Ù†Ø³Ø§ÙŠÙ… ÙÙŠ ÙˆØ¹Ø¯Ùƒ
ÙˆÙ†Ø­Ù…ÙŠ Ø§Ù„Ø±ÙŠØ¶Ø§Ù† ÙˆÙ†ÙƒØ­Ù„ Ù‡Ù„Ø§"
1544833204514918400,2022-07-06 23:58:32+00:00,EllaCupcakes,"Remember all those times people thought Bozza would be a right ol' laugh as PM bc he's just harmless really, just a bit of fun, &amp; everyone who said otherwise was a raving loony

#BorisOut #BorisJohnsonMustResign
#ByeBoris
#BorisJohnsonMustGo
#BorisJohnson"
1544833200337440770,2022-07-06 23:58:31+00:00,FTKZimula,"I have witnessed so much impossibles turning into possibles. So, I won't be surprised if the tory shite vote Suella Braverman as their new party leaders. Never underestimate what a desperate group of loosers could achieve! Such gave us #Trump &amp; #Boris #JohnsonMustGo"
1544833199649525761,2022-07-06 23:58:31+00:00,Mr__Darcy_,"PecarÃ© de vanidad o me pagarÃ© con orgullo. Es cuestiÃ³n de tiempo hasta que trague mis palabras, al final desechando toda existencia del sentimiento. Tal vez dejando todo de lado, podrÃ­a traerte aquÃ­."
1544833180791865344,2022-07-06 23:58:26+00:00,aftergIowangel,priti patel resign challenge
1544833175888793600,2022-07-06 23:58:25+00:00,GinahMs,"there must be something for a hustler
that one dey"
1544833173078818816,2022-07-06 23:58:24+00:00,emakawai17,ã“ã“ã«é£Ÿã„è¾¼ã‚“ã§ãã‚‹ã®æ™®é€šã«å‡„ã„ãªâ€¦
1544833172692783110,2022-07-06 23:58:24+00:00,Dukodorni,Les juro en este gym hay puros flacos
1544833170494865413,2022-07-06 23:58:24+00:00,Jeffste66262136,"'Britian Trump '
 Leave off ğŸ˜‚
Johnson is a silly little boy in a man's body .when he's scared he hides in fridges .
Can't handle rejection .
Trump and Johnson .wind and water .nothing else ."
1544833169136009217,2022-07-06 23:58:23+00:00,natamams,Bu akÅŸam babamla yetersizlik duygusunun yÄ±kÄ±cÄ±lÄ±ÄŸÄ± fakat bir yandan da enerjimizin kaynaÄŸÄ± oluÅŸu hakkÄ±nda konuÅŸtuk. Malesef ki bir kere daha babasÄ±nÄ±n tivitisiyiz. Evet tiviti.
1544833163180052481,2022-07-06 23:58:22+00:00,twittaricci,Pq ainda nÃ£o inventaram laser para sobrancelha?
1544833160952909829,2022-07-06 23:58:21+00:00,benitezbeleen,"De todos los colores los goles. Un asqueroso
papelon no recuerdo humillaciÃ³n mayor. Si tiene un poco de vergÃ¼enza Arce que entregue su puesto esta misma noche."
1544833152299937792,2022-07-06 23:58:19+00:00,pheebeegates,"Find the nearest bird, then follow it for a while or until you lose it, whichever comes sooner."
1544833147875069953,2022-07-06 23:58:18+00:00,RiannaLouYas97,Not tom ft our grandmother whilst were fucked
1544833138450382851,2022-07-06 23:58:16+00:00,P12InDaHouse,"It's one of those nights again, I am stuffing PopCorn and watching State of Divinity... My Nth time... ğŸ¿ğŸ˜„"
1544833136609173506,2022-07-06 23:58:16+00:00,lydiaevansg,these last couple episodes of love island has got me hating men more than before
1544833131450142720,2022-07-06 23:58:14+00:00,_EddyEddz1,MonaLisa big tune man
1544833129298501637,2022-07-06 23:58:14+00:00,maty_santiago,"Che para mi viene siendo un dÃ­a hermoso, 0 quejas"
1544833126588788736,2022-07-06 23:58:13+00:00,amelia_suandi,"Big Mouth sih nanti yg bakal w kejer on goingnya.
Dah kangen sekali diri ini melihat lee jongsuk"
1544833121048199174,2022-07-06 23:58:12+00:00,hiimsad0,tÃ¡ tudo bem essa dor vai passar
1544833119978766337,2022-07-06 23:58:12+00:00,_lemon,bloody insta spammers ğŸ¤£ having a ball reporting their stupid bot accounts :P
1544833113263689728,2022-07-06 23:58:10+00:00,riibeiro_mih,"Oliver pegou mania de dormir de bruÃ§os, eu viro ele e ele vai e rolaâ€¦ fico numa preocupaÃ§Ã£o doida agora"
1544833111615471616,2022-07-06 23:58:10+00:00,StJ_honny,rony vocÃª eh um monstro
1544833102786224128,2022-07-06 23:58:07+00:00,SpikellaxGrimm,"Recover from school can't stop confirming your incompetencies
ØŸ?
Ù†Ù…Ø´Û’

ğŸ”¹H70ğŸ”¹
ğŸ”¹H70ğŸ”¹
ğŸ”¹H70ğŸ”¹"
1544833086705516544,2022-07-06 23:58:04+00:00,eumermo_gl,deus me perdoe mas eu vou assistir mais um jogo desse time de filho da puta
1544833086378106881,2022-07-06 23:58:04+00:00,zeshmohmand,Ø§Ù„Ù„Û ØªØ¹Ø§Ù„ÛŒÙ° Ù¾Ø§Ú©Ø³ØªØ§Ù† Ø³Û’ ØªÙ…Ø§Ù… Ù†Ø§Ù… Ù†ÛØ§Ø¯ Ø¬Ø¬Ø² Ú©Ùˆ Ø§Ù¹Ú¾Ø§ Ù„Û’ Ø§Ù…ÛŒÙ†
1544833077117165568,2022-07-06 23:58:01+00:00,NabWeather,"Wind speed 10 knots at 286Â°
Gust speed 16 knots at 295Â°
Air temperature 17.3 Â°C, Humidity 92%, Dew point 15.9Â° C
Pressure: 1023 hPa, falling"
1544833075598721024,2022-07-06 23:58:01+00:00,SmoutKarl,Lng
1544833075032498177,2022-07-06 23:58:01+00:00,ftg_soccer,"GOAL! Detroit City in USA USL Championship
Detroit City 1-0 Hartford Athletic"
1544833074940223488,2022-07-06 23:58:01+00:00,JajaPhD,"Only you??? Multidimensional entrepreneur
#LagosSwindlers"
1544833074311094273,2022-07-06 23:58:01+00:00,aalmlki0967,Ù…Ø§ÙÙŠÙ†ÙŠ Ø­ÙŠÙ„ Ø§Ø±Ù‚Øµ Ø±Ø§Ø­ Ø§Ø³Ù…Ø¹ Ø§ØºØ§Ù†ÙŠ ÙˆØ§Ù†ØªÙˆ Ù…Ø¹Ø§ÙŠØ§ Ø§Ø¬Ø¨Ø§Ø±ÙŠ ÙƒÙ…Ø§Ù† ØªØ³Ù…Ø¹ÙˆØ§
1544833064693649408,2022-07-06 23:57:58+00:00,3aayushhh,"May Allah make the journey into motherhood easy for new mothers. Itâ€™s hard and everything youâ€™re going through, you are not alone. If you ever need someone to talk to, feel free to dm me (i really mean it ğŸ«¶ğŸ¾)"
1544833062613258242,2022-07-06 23:57:58+00:00,bruisepuppy,theres something about being in love that makes me soooo horny
1544833062495830018,2022-07-06 23:57:58+00:00,JanvierUK,Why do I always confuse Bernard Jenkin with Bernard Ingham? My brain is weird.
1544833060717449217,2022-07-06 23:57:57+00:00,sabenasl1,Sen ÅŸimdi gecenin bu saatinde yarra yemedin mi sivri sinek?
1544833060071432193,2022-07-06 23:57:57+00:00,primal_dance,Drake - Calling My Name
1544833057017954306,2022-07-06 23:57:57+00:00,sarahundart,"While all this has been going on, Iâ€™ve been watching a film about dinosaurs running around freely eating each other alive while the humans struggle to survive in absolute chaos. Fitting."
1544833055713624067,2022-07-06 23:57:56+00:00,Reislinn__,A INTERNET VEM ABAIXO
1544833040538513409,2022-07-06 23:57:53+00:00,talktoiv,"Imagine your husband calling ur son ""bud"""
1544833040454762502,2022-07-06 23:57:53+00:00,MSoEazy,I donâ€™t know what drugs @burnaboy put in #LastLast â€¦ but the song is defo the summer Anthem ğŸ‘ğŸ½ğŸ‘ğŸ½
1544833036654714880,2022-07-06 23:57:52+00:00,mylewishamilton,RONY MEU DEUS DO CEU RONY PITA QUE O PARIU
1544833030296158208,2022-07-06 23:57:50+00:00,Reislinn__,MEU DEUS
1544833028047966209,2022-07-06 23:57:50+00:00,Loony81_x,"We all talk about being a great community looking out for each other , but forget all that when a free mint happens and mint more then we should and not giving the opportunity to someone new in the space to mint , And thatâ€™s me not being salty about not minting any #avax"
1544833021634912257,2022-07-06 23:57:48+00:00,adams_jarad,"Ricky Percival was wrongly convicted of murder on the  uncorroborated word of a supergrass
He has maintained his innocence since 2006
Any information to assist our case review to:.
@LiquidBulletPr1 @AmandaG81166165 @LollyTrueCrime or to coldcaseinvestigations@proton.me"
1544833018640179204,2022-07-06 23:57:47+00:00,jujubarcelloss,carai OQ ROLOU KAKAKAKA
1544833017889398784,2022-07-06 23:57:47+00:00,girlinahabit,"Wordle 383 5/6

â¬›ğŸŸ¨â¬›â¬›ğŸŸ©
ğŸŸ¨â¬›â¬›â¬›â¬›
â¬›â¬›â¬›ğŸŸ¨â¬›
ğŸŸ¨â¬›ğŸŸ©ğŸŸ©ğŸŸ©
ğŸŸ©ğŸŸ©ğŸŸ©ğŸŸ©ğŸŸ©"
1544833015016202242,2022-07-06 23:57:47+00:00,carterge_,julia me chamou de puta   me sinto elogiada
1544833009890770944,2022-07-06 23:57:45+00:00,healyjudexz,pq o Twitter tÃ¡ assim??!
1544833006678020096,2022-07-06 23:57:45+00:00,maateussep,Mentira
1544832994501861377,2022-07-06 23:57:42+00:00,ilovemischief_,Currently obsessed with SAULTâ¤ï¸
1544832990651490304,2022-07-06 23:57:41+00:00,False0F9,Clint Eastwood has been old his whole life
1544832986591412224,2022-07-06 23:57:40+00:00,backup_rodrigo,Vou adormecer ğŸ˜´
1544832981998641154,2022-07-06 23:57:39+00:00,vandabotosx,the amount of ğŸš©ğŸš© from Jacques this episode
1544832975694573568,2022-07-06 23:57:37+00:00,pgnyash,"Lazy, you problems, and
ØŸ?
Ù†Ù…Ø´Û’

ğŸ”¹W77ğŸ”¹
ğŸ”¹W77ğŸ”¹
ğŸ”¹W77ğŸ”¹"
1544832971924021248,2022-07-06 23:57:36+00:00,Joonhisaac,"se o rony aprendeu a jogar bola, confie em vocÃª cria, qualquer um pode!!!"
1544832960582623233,2022-07-06 23:57:34+00:00,healyjudexz,"pop âœŠâ˜ï¸ pop ğŸ‘‰ğŸ¤š pop âœŠğŸ¤š pop âœŠğŸ¤š 
eu o dia inteiro"
1544832956283473920,2022-07-06 23:57:33+00:00,Jennieebabie,I need bundles therapy â˜¹ï¸
1544832953603194880,2022-07-06 23:57:32+00:00,illusiv33,Tempted to post the male version of a thirst trap
1544832949455142915,2022-07-06 23:57:31+00:00,SalmanShams1989,I've never in the history of anything seen a decision been so unanimously backed by a fan base more than @YaOnlyLivvOnce winning #MITB and then #wwesmackdown Women's championship.
1544832946154209280,2022-07-06 23:57:30+00:00,Sep1914Antonio,CARALHO RONYYYY
1544832940634521600,2022-07-06 23:57:29+00:00,JonjayNeedham1,Listening to the shipping forecast! Far more interesting than the news! ğŸ¤¦â€â™‚ï¸
1544832933239873537,2022-07-06 23:57:27+00:00,DavidBretherton,"PLEASE, wonâ€™t somebody think of the wallpaper?!"
1544832930094190593,2022-07-06 23:57:26+00:00,ska_tonic,#NowPlaying The English Beat - Save It for Later on #TonicSkaRadio.co.uk
1544832926558425090,2022-07-06 23:57:25+00:00,jeeniiuss,Widows on Netflix 5â­ï¸
1544832919046348801,2022-07-06 23:57:24+00:00,MariamAduke,I be my healer
1544832915045060609,2022-07-06 23:57:23+00:00,Maryann34743333,I thought blackmail/payback   What ever you want to call it only happened on filmsğŸ¤”strange world ğŸ¤¯
1544832909739180032,2022-07-06 23:57:21+00:00,teffabfr,"palmeiras passando c 8x0 no agregado, os cr tÃ£o um nojo ğŸ¤£"
1544832904630599680,2022-07-06 23:57:20+00:00,lzdozoo,Saiu o gol de Bicicleta do Rony kkkk
1544832904378961920,2022-07-06 23:57:20+00:00,bruisepuppy,hiiii nsfwtwt ....
1544832886481862656,2022-07-06 23:57:16+00:00,wiltandfade,take a shot every time silent disco play a cancelled band
1544832881737904128,2022-07-06 23:57:15+00:00,Tawnuim,I love such an amazing life. Iâ€™m across the world &amp; havenâ€™t posted a single thing. living my best life ğŸ¤
1544832879707885568,2022-07-06 23:57:14+00:00,_alisarae,"Rudy bought 5 different OLAPLEX products, ok I didnâ€™t know I was marrying a rich man!"
1544832872644841473,2022-07-06 23:57:13+00:00,Eaglefang11,Tive um sonho muito estranho essa noite
1544832871361400833,2022-07-06 23:57:12+00:00,nocministry,"On the platform of democracy every thing erected on it is fading away like the ministry of John the Baptist who said, I will decrease for Truth to increase.

Jesus Christ is the Truth."
1544832869729816578,2022-07-06 23:57:12+00:00,carolinesantoph,"freio da blazer do l7 Ã© uma puta produÃ§Ã£o audiovisual foda

Ã© um clipe viciante de se ver"
1544832868433666049,2022-07-06 23:57:12+00:00,ilovemischief_,I cannot believe Iâ€™m  going to see Alex Isley in concert ğŸ«¶ğŸ¾ğŸ˜
1544832861915828226,2022-07-06 23:57:10+00:00,i_5xa,Started being toxic in the mic after the match but he said â€˜Ggâ€™. I feel like crying now.
1544832860766584836,2022-07-06 23:57:10+00:00,frankhugo23,Obination is real # Peter Obi
1544832842592649217,2022-07-06 23:57:05+00:00,AirplayNinja,"#Firstplay: ""From The Land Of Sand"" by Jamaaladeen Tacuma on BBC Radio 6 Music (#BBC6Music)"
1544832840063401984,2022-07-06 23:57:05+00:00,cheese_aokabi,ã‚¢ã‚¹ã‚„ã‚‰ãƒ“ãƒƒãƒã‚„ã‚‰ãƒ•ã‚¡ãƒƒã‚¯ã‚„ã‚‰ã‚ã£ã¡ã‚ƒä¸‹å“ã§å¥½ã
1544832836804349952,2022-07-06 23:57:04+00:00,chrishemswrot,tiba tiba sakit kepala
1544832836661813248,2022-07-06 23:57:04+00:00,r33nawright,uk politics is embaraZzing
1544832831016296449,2022-07-06 23:57:03+00:00,DeolindaRafael,I really wanna see Paige get her heart broken #LoveIsland
1544832829321646082,2022-07-06 23:57:02+00:00,Opossumcorn,"Head still hurts, but it's time to draw! Ibuprofen seems to have taken the edge off at least."
1544832825102598145,2022-07-06 23:57:01+00:00,Tankgirl_game,"ãƒãƒ£ãƒ¬ãƒ³ã‚¸ã—ã¦å¤±æ•—ã—ãŸäººã®ã“ã¨ã‚’ç¬‘ã†ã®ã ã‘ã¯æœ¬å½“ã«ã‚„ã‚ãŸæ–¹ãŒã„ã„ã§ã™ã‚ˆã€‚
è‡ªåˆ†ã®å€¤æ‰“ã¡ãŒä¸€æ°—ã«ä¸‹ãŒã‚Šã¾ã™ã€‚

ã‚„ã£ã¦ã¿ãªã„ã¨ã‚ã‹ã‚“ãªã„ã“ã¨ãŒæ²¢å±±ã‚ã‚‹ã—ã€ã‚„ã£ãŸäººã«ã—ã‹ã‚ã‹ã‚‰ãªã„ã“ã¨ã‚‚æ²¢å±±ã‚ã‚‹ã€‚

å®‰å…¨åœã¨æ€ã£ã¦ã‚‹å ´æ‰€ã‹ã‚‰ä»–äººã®æŒ‘æˆ¦ã‚’ç¬‘ã„ç¶šã‘ã¦ã„ã‚‹ã“ã¨ã“ããŒã€ãã‚Œä»¥ä¸Šã®å¤±æ•—ã§ã™ã€‚"
1544832816940138496,2022-07-06 23:56:59+00:00,heykiztux,à¹‚à¸­à¹‰à¸¢à¸›à¸²à¸à¹à¸•à¸à¸•à¸­à¸™à¹„à¸«à¸™à¸ˆà¸°à¸«à¸²à¸¢à¸à¸´à¸™à¸‚à¹‰à¸²à¸§à¹„à¸¡à¹ˆà¸­à¸£à¹ˆà¸­à¸¢à¹€à¸¥à¸¢
1544832814947991552,2022-07-06 23:56:59+00:00,Iglu_07,A mi y todo ya me da vergÃ¼enza ojalÃ¡ termine ya
1544832808920694787,2022-07-06 23:56:57+00:00,SpikellaxGrimm,"The word live. In the basic component of truth
ØŸ?
Ù†Ù…Ø´Û’

ğŸ”¹H70ğŸ”¹
ğŸ”¹H70ğŸ”¹
ğŸ”¹H70ğŸ”¹"
1544832805288411136,2022-07-06 23:56:57+00:00,Up_The_Posh,#timefortrump
1544832790641901569,2022-07-06 23:56:53+00:00,iRawan_454,ÙŠØ§Ø±Ø¨ Ø­ØµÙ†ØªÙƒ Ø£Ø±ÙˆØ§Ø­Ù‹Ø§ Ø£Ø­Ø¨Ù‡Ø§ ØŒ Ø§Ù„Ù„Ù‡ÙÙ… Ù„Ø§ØªÙØ¬Ø¹Ù†Ø§ ÙˆÙ„Ø§ ØªÙØ¬Ø¹ Ø¨Ù†Ø§ ØŒ Ø§Ù„Ù„Ù‡ÙÙ… Ø¥Ù†ÙŠ Ø§Ø³ØªÙˆØ¯Ø¹ØªÙƒ Ø£Ù‡Ù„ÙŠ ÙˆÙ…Ù† Ø£ÙØ­Ø¨
1544832789786361856,2022-07-06 23:56:53+00:00,quwithrhythm,RONYYYYYYYYY OMFGGGGGGGGG
1544832783599689734,2022-07-06 23:56:51+00:00,tpwktomlinson,le he deseado suerte con la sele a mi primo y me ha dejado en visto ğŸ¤¨
1544832779476783104,2022-07-06 23:56:50+00:00,Latinradiouk,Grupo Niche - Caso Social
1544832779371909120,2022-07-06 23:56:50+00:00,ERLuisFelipe,Me voy a seguir abriendo de la gente que me reste.
1544832777991880704,2022-07-06 23:56:50+00:00,sikemakinyem,I hope the dookie stained drawls makes rounds on here to remind boys to THOROUGHLY wash their ASSES!! Jesu ğŸ˜­
1544832777941549056,2022-07-06 23:56:50+00:00,hiimsad0,"as memÃ³rias do que aconteceu ontem sÃ£o tÃ£o distantes, parece que aconteceu anos atrÃ¡s"
1544832777044074498,2022-07-06 23:56:50+00:00,ftg_soccer,"GOAL! Palmeiras in South America Copa Libertadores
Palmeiras 5-0 Cerro PorteÃ±o"
1544832767854272512,2022-07-06 23:56:48+00:00,EFowle7,"Iâ€™m so confident Antony, De Jong &amp; Martinez are joining United, weâ€™ve bid for all 3 and we donâ€™t bid unless we know weâ€™ll Sign them ğŸ¤·â€â™‚ï¸"
1544832767304900608,2022-07-06 23:56:47+00:00,VicttorHugoES,QUE GOLAÃ‡O DO RONY
1544832764255637506,2022-07-06 23:56:47+00:00,OfficialDK100,"#TOPray 

Hope against Hope!! 

Abrahamic Faith ğŸ¤ğŸ½ğŸ¤ğŸ½ğŸ¤ğŸ½ 

Hebrews 11ğŸ—£"
1544832763886436352,2022-07-06 23:56:47+00:00,kremmalin,Lenslerimi Ã§Ä±karmak iÃ§in direneceÄŸime ÅŸu an rÃ¼ya gÃ¶rÃ¼yor olabilirdim
1544832759910236160,2022-07-06 23:56:46+00:00,teffabfr,pintou notificaÃ§Ã£o?
1544832754197610496,2022-07-06 23:56:44+00:00,berenyi_miki,Iâ€™m struggling to get to sleep and frankly somewhat admiring that Boris Johnson is probably having no problem at all
1544832745754468352,2022-07-06 23:56:42+00:00,_bshaw,"Tonight I cycled into a bollard, accurate description of my life atm"
1544832736896090114,2022-07-06 23:56:40+00:00,fieldy56,"Wordle 383 6/6

ğŸŸ¨ğŸŸ¨â¬œâ¬œâ¬œ
â¬œâ¬œâ¬œâ¬œâ¬œ
â¬œğŸŸ¨â¬œâ¬œâ¬œ
â¬œâ¬œğŸŸ¨ğŸŸ¨ğŸŸ¨
ğŸŸ©ğŸŸ¨â¬œâ¬œğŸŸ©
ğŸŸ©ğŸŸ©ğŸŸ©ğŸŸ©ğŸŸ©"
1544832735382061064,2022-07-06 23:56:40+00:00,GagReflex_,this song is so good i need to drown in it
1544832734765486087,2022-07-06 23:56:40+00:00,ThomsonScott,"Up with my alarm in the middle of the night â°. It's time for the #PBRisingStars zoom chat with the fab  @ebonylynnmudd and @PewKailei for those who got an HM. Not sure I can string a sentence together, but I'll frantically make notes that will hopefully make sense tomorrow!"
1544832734148923397,2022-07-06 23:56:40+00:00,_JulieJulez,Cave tickling to the beat ke? I need to go BED #TALKSWITHASH
1544832728012570624,2022-07-06 23:56:38+00:00,Gallaghista,No se para que queremos pasar si palmeiras nos va meter 8 cuando juguemos
1544832704566501380,2022-07-06 23:56:33+00:00,JenniFreeborn,"Hawkins, end of season 4, feels like a metaphor for UK politics right now. Or is it just me?"
1544832702356013057,2022-07-06 23:56:32+00:00,Polenth,"To be fair to the Queen, she might not want to go into parliament with a sword with the new covid wave going on, but she has all those knights waiting. Time for them to earn their keep. Then we can vote in the cat. ğŸˆ"
1544832701336895493,2022-07-06 23:56:32+00:00,yanzinz,"Puta que pariu, que golaÃ§o do Rony"
1544832699591843840,2022-07-06 23:56:31+00:00,pgnyash,"Results the discuss in detail how
ØŸ?
Ù†Ù…Ø´Û’

ğŸ”¹W77ğŸ”¹
ğŸ”¹W77ğŸ”¹
ğŸ”¹W77ğŸ”¹"
1544832688284225538,2022-07-06 23:56:29+00:00,stpaulswesthack,Apparently supermarkets are reporting a National shortage of popcorn.
1544832683687165955,2022-07-06 23:56:28+00:00,Mikeyzee22,â€˜What if Elon musk is just an alien trying to get back homeâ€™ ğŸ‘½ğŸ˜‚ğŸš€
1544832679274758144,2022-07-06 23:56:26+00:00,adjetei,I feel absolutely awful.
1544832671162966018,2022-07-06 23:56:25+00:00,byKamela_,i liked davide until he said summer was an upgrade from indiyah. it was giving colourist #LoveIsland
1544832667925061642,2022-07-06 23:56:24+00:00,everythingisrad,The Perkins episode of Atlanta is just one of the best TV things ever
1544832660521988096,2022-07-06 23:56:22+00:00,TheTrout91,"I was sat next to a woman who did not get up once on an almost 13 hour flight.

What? How? Why?"
1544832646605205506,2022-07-06 23:56:19+00:00,dekainudaisuki,ã‚­ãƒ£ã‚¹ãƒˆã‚ˆã‚Šæ—©ãå¤§é˜ªå…¥ã£ã¦ã‚‹ã‹ã‚‚ï¼ˆãªã‚“ã§ï¼Ÿï¼‰
1544832644327825410,2022-07-06 23:56:18+00:00,Sep1914Antonio,MEU DEUSSSS
1544832638904459264,2022-07-06 23:56:17+00:00,massive_gains_,DROP your handles FOLLOW whoever Retweets and LIKES your commentâ¤ï¸ğŸ
1544832638875324416,2022-07-06 23:56:17+00:00,UrbanXtraRadio,#Nowplaying #Chris Brown - Fine China Remix Zouk (UZUSVOL2) [By Underfaya Prod]
1544832638430724099,2022-07-06 23:56:17+00:00,kaylaacarter_,Saw Jitney this evening at @oldvictheatre and thought it was incredible !!! Itâ€™s only here till Saturday go see it if you havenâ€™t alreadyâ€¦ I laughed and I cried ğŸ¥¹
1544832637654540288,2022-07-06 23:56:17+00:00,amelia_suandi,"W males ma u

Wordle 383 X/6

â¬›â¬›â¬›â¬›â¬›
â¬›â¬›ğŸŸ©â¬›â¬›
â¬›â¬›ğŸŸ©â¬›ğŸŸ©
ğŸŸ¨â¬›ğŸŸ©â¬›ğŸŸ©
â¬›â¬›â¬›â¬›â¬›
ğŸŸ©ğŸŸ¨ğŸŸ©ğŸŸ¨ğŸŸ©"
1544832628678860800,2022-07-06 23:56:14+00:00,HortonWeather,For #HortonPark partlycloudy tomorrow! With a high of 25.67C and a low of 15.53C. #Epsom
1544832625818337280,2022-07-06 23:56:14+00:00,JummaiAlfa,"I am actually Gods favorite, I am so gratefulğŸ¥º"
1544832612761571329,2022-07-06 23:56:11+00:00,its_yaboydre,Omg! I have Twitter circles!!! Is this my hoe era?! ğŸ™ˆğŸ™ˆğŸ˜‚ğŸ˜‚
1544832607850008576,2022-07-06 23:56:09+00:00,Zangetsushi_,"If I don't get this cat I've applied to adopt I don't know what I'm going to do with myself, my brains already planned the next 5 years if my life with the cat I can't change this"
